age,monthly_income,loan_amount,previous_defaults,credit_score,default_actual,prob_default
24,5410762,2006571,0,766,0,0.15302520121611501
54,8778441,14120345,0,474,0,0.6833766584782168
28,14890214,2779923,0,844,0,0.0115649544641449
50,7157863,2182941,0,657,0,0.3505194072355701
37,5810685,7980815,0,717,0,0.2417502931406438
43,9812701,1297724,0,823,0,0.049600571519823416
46,6664133,4935085,0,503,0,0.630804555161634
56,17368482,10036476,1,513,0,0.612498111721042
38,14655131,11596353,0,458,0,0.7124944509002868
25,19642436,12365706,0,706,0,0.2627252113697214
54,4595301,4262586,0,608,0,0.44021262480979617
41,17769092,4948214,0,619,0,0.41959230754088983
59,5055867,4675915,0,786,0,0.11619693276477162
53,11149003,3298338,0,825,0,0.04615738749725451
41,19738841,14587081,0,606,0,0.4436231453371626
37,8079116,12416785,0,454,0,0.720388472361563
37,6243748,12707308,0,403,0,0.8132982107847364
25,5984064,12262346,0,584,0,0.4840659681619373
24,12318083,6615686,0,496,0,0.6438618360219827
32,8905227,14789072,1,478,1,0.6758868728302644
28,3392289,2311707,0,830,0,0.036877595863599386
56,11634493,9945879,0,600,0,0.4547429811775275
29,15458151,10792373,1,557,0,0.5331385231663731
50,19804996,12402466,0,638,0,0.3846523422911203
57,9985138,3640590,0,695,0,0.2823092881910501
58,18219167,5891379,0,811,0,0.0712816587858729
57,10451356,12123490,0,644,0,0.37389233902881625
30,4964154,8367182,0,421,0,0.7791520400281972
31,14586544,3470174,1,657,0,0.3512383777381635
27,7805492,6214791,0,468,0,0.694864660745845
28,10662051,7039637,0,614,0,0.4284539985155642
44,16610896,14407274,0,453,0,0.7214622188538149
40,16479273,14896626,0,505,0,0.6264373467073492
47,5920830,1115097,0,696,0,0.27955240751055693
21,8104509,6527169,1,600,0,0.4542697913710126
45,11433783,4124909,1,527,0,0.5876731962554205
53,15942031,4850158,1,616,0,0.42608413768569475
50,15723433,4709134,0,831,0,0.03440287544498365
27,6610624,6080222,0,514,0,0.6108246907950493
57,10741102,5352873,0,673,0,0.32213729158052035
58,4910380,8845844,0,733,0,0.2122129296940597
47,7308357,13600981,0,455,0,0.7188424213570362
26,16447523,13410994,0,665,0,0.3368770973185811
47,5839393,10138760,0,593,0,0.46637926673627833
21,16409709,2594694,0,760,0,0.16439544797186337
50,16725544,7310050,0,569,0,0.5106681178561688
29,4001914,9074383,0,743,0,0.19397986839186118
47,12464854,1971056,0,833,0,0.030612464349437315
57,11069373,4056923,0,644,0,0.37531238724383015
55,10093908,3862170,0,598,0,0.45757247672749707
59,9818848,13771304,0,400,0,0.8172916100254145
51,19473303,6048243,0,819,0,0.056128286130536664
26,9565504,12908013,0,616,0,0.42540917194017264
37,7834047,9677351,0,458,0,0.7130896927363795
42,6981089,1302110,0,809,0,0.07489935768749108
24,3170638,4077803,0,816,0,0.062214843014603775
57,16862876,12236960,0,624,0,0.4111569316565932
40,18121353,10361193,0,623,0,0.4127878545302209
42,18885425,3359841,1,807,0,0.07889491029273589
46,16729895,4969197,0,815,0,0.06454387101518322
22,15345080,12840275,0,467,0,0.6970266927436022
27,12908362,13399232,0,654,0,0.35720457910571896
36,5717773,14643260,0,423,0,0.7771812068865592
46,6623839,4922421,0,509,0,0.6201790267494524
21,6531803,8027240,0,774,0,0.1386722666329734
45,13096909,11212493,0,553,0,0.5399473013477479
43,13021899,14560124,0,594,0,0.4661685023233056
39,4154131,2168790,0,787,0,0.11367930245449626
29,16367449,9290831,0,568,0,0.5131855302260057
34,4146776,13314772,0,518,0,0.6038786857704121
50,15650480,11680313,1,665,0,0.33594765067599613
36,14804270,8189822,0,526,0,0.5889566522205582
39,14168408,13650014,0,411,0,0.7990551829861344
38,5780448,12596446,1,414,0,0.7936194239081816
51,19550543,1580980,0,806,0,0.07969031124705335
23,15571773,2316142,0,846,0,0.00739298558942736
42,5446928,6264861,0,765,0,0.15448034728626225
29,17892662,8524775,1,623,0,0.41201639776939936
23,13743426,13509083,0,380,0,0.854280501208137
27,5224256,8642410,0,450,0,0.7280743489519939
26,9667312,12631044,1,336,0,0.9338368585738411
59,12700085,13895459,0,513,0,0.6121742641528195
44,15022828,9719138,0,671,0,0.32618633428815474
38,8716125,5754479,1,539,0,0.566137928236854
44,19139626,8753491,1,715,0,0.24615164475883486
43,18874218,8861696,0,564,0,0.5208364542223469
57,8048448,3226295,0,587,0,0.4789990084708471
51,4461575,11919753,0,447,0,0.7328283163721595
53,6664610,8160390,1,555,0,0.5358012069778814
45,6584657,6175556,0,478,0,0.6770861993160487
48,9917447,10140367,0,482,0,0.6685811859407899
25,16639859,10187923,0,520,0,0.5997499030508952
29,6214355,9494090,0,683,0,0.30362485007818324
56,19245792,10358174,0,637,0,0.3872444525598311
41,3850770,10085143,2,337,0,0.932314476408456
48,18550963,3029550,2,581,0,0.48937065636427707
29,6975016,2485388,1,683,0,0.30310412756115684
57,19646722,10245083,0,706,0,0.2620722130731575
56,16968889,1907203,0,837,0,0.024521559646915173
45,19195645,9625638,0,614,0,0.42880634181334926
23,5173519,6938508,1,658,0,0.34821817917055076
54,13125245,10952699,0,680,0,0.3099458933484412
22,18594012,1799921,0,847,0,0.005710774462806598
22,15889242,9364648,1,624,0,0.4108562905242728
53,5319976,1000794,0,786,0,0.11613508824670647
34,6641378,8484676,1,347,0,0.9138376749260232
34,18862965,14448030,0,746,0,0.1885806430109945
28,14605119,2083516,0,769,0,0.1478717563110504
37,18630052,12721818,1,629,0,0.40175072273548657
56,11270143,12379998,0,620,0,0.4181415548676844
58,9964348,13435940,0,344,1,0.919746182783217
46,13196560,2228349,1,683,0,0.30407703076174036
27,16111311,9840852,0,616,0,0.42573484168311077
29,5341273,12514586,0,609,0,0.438825850264867
31,8236475,7007593,2,565,0,0.5188931575259444
34,4064595,11195368,1,352,0,0.9057851303142513
42,16040060,11852201,0,500,0,0.6368827034106342
58,9089779,3971164,0,821,0,0.052071699285588025
36,18485539,1977239,0,837,0,0.023522296631120307
53,10669951,10374614,1,636,0,0.3885889694127849
35,13477503,3475730,1,526,0,0.5888598882207917
46,10115546,14988906,0,627,0,0.40572363791413424
50,19159963,13798317,1,390,0,0.8370485210469633
56,15756225,8020831,0,582,0,0.4878797588419572
35,16867086,8208730,0,536,0,0.5714598631746196
49,16864227,4266536,0,827,0,0.04209102199732753
31,13355189,14451079,0,496,0,0.6435056206126016
59,17760817,6408831,0,747,0,0.18775569644214665
57,13015340,9986593,0,655,0,0.35372619228490415
27,8541406,12861134,0,410,0,0.8008226630394296
59,5416984,10093323,0,467,0,0.6958836080294396
33,10289040,5357587,1,558,0,0.5300732176411755
54,15265311,13902203,0,723,0,0.23096186089395854
49,10429506,2429120,0,783,0,0.12120399192848842
44,6999472,2471235,0,803,0,0.08506644816833103
22,19243942,7948881,1,561,0,0.5247106901116162
21,16986855,3461115,0,815,0,0.06297739086221872
56,11630818,14646593,2,351,0,0.906550279504596
26,17929357,6013223,0,832,0,0.03275432387828899
42,9209408,8817915,0,478,0,0.6771028224340562
33,8168059,8239739,0,750,0,0.18193565515017132
45,16513408,1256033,0,842,0,0.014166679833360757
41,15888612,1687800,0,753,0,0.1760310518031376
54,19887502,14463578,0,771,0,0.1441307377536458
44,8337899,11935919,0,366,0,0.8800334299250765
47,9657968,4965512,0,547,0,0.5504271472570591
48,17547103,7860347,0,540,0,0.5636221581907249
49,4551104,11174926,0,350,0,0.9099675128777407
48,4330150,14743777,0,411,0,0.7984845147352383
56,15905824,6847284,0,716,0,0.24279062784879968
45,15412389,4463692,1,796,0,0.09749394112994807
59,8964253,14011383,0,696,0,0.27915583514014713
22,5640742,4520669,1,759,0,0.16468662589199112
59,4560740,14747419,0,350,0,0.9096147140528498
42,15081686,4951369,0,750,0,0.18091237364662568
38,15141292,13603429,1,412,0,0.7971802974869148
22,16064340,9328796,0,553,0,0.5396632108667031
29,10121080,5373639,0,531,0,0.5792891129837692
40,7817651,8815235,0,723,0,0.2306750022188171
51,8365948,3840181,1,554,0,0.5389152230134046
25,12158888,10494236,1,612,0,0.43299579814266353
21,13516828,3959758,0,839,0,0.01921791659921303
32,6399465,14857580,0,513,0,0.6125155889843092
42,4476368,11327425,0,353,0,0.9030208857791134
57,9191929,4770888,0,669,0,0.32947529802030157
27,14091130,3621602,1,700,0,0.2730348500387472
25,9920127,12701205,0,604,0,0.44736067350171776
39,6527934,1048794,0,835,0,0.026563297137650158
32,11927442,3211027,0,746,0,0.18981606200298418
45,4213821,3212166,0,801,0,0.08928921870904889
23,9193810,5644864,1,781,0,0.12625272112299227
44,9736428,12738151,0,537,0,0.5683941129195523
50,10248621,9615388,1,477,0,0.6787040441801538
44,5843445,9352211,0,628,0,0.4037292219534318
21,11220546,9693367,0,449,0,0.7284730264799136
31,9805305,8374123,1,655,0,0.35512416766824223
54,11550703,14993222,1,629,0,0.40223777389952714
24,6126357,9345064,1,576,0,0.49733967030686044
59,13880979,12231822,0,513,0,0.6133330848429811
57,9855537,1972228,0,784,0,0.12011812826150013
27,16927609,5747565,1,715,0,0.24573331037735135
52,7165745,8797445,1,614,0,0.4286174542938226
23,4654155,11302736,1,410,0,0.8007561467485237
51,15150825,2347381,0,831,0,0.0346182254638304
50,14969525,6658733,0,709,0,0.25581245791169077
21,17054044,4517236,0,841,0,0.017148083439535545
26,13061963,5648121,0,672,0,0.32418199304483314
55,4251909,9909139,0,447,0,0.7333798002189166
24,8141730,2333635,0,659,0,0.34672439820869094
37,5893618,7192635,0,782,0,0.12294778793820073
34,16330223,3441825,0,826,0,0.04286435248564747
26,3977278,11364206,0,376,0,0.8625043402104188
42,12769883,6146881,0,523,0,0.5939405970854847
26,3534878,3001256,1,741,0,0.19770053521620498
41,11796345,8958188,1,591,0,0.4712939187468795
47,19065612,13728942,0,512,0,0.6146386563095537
58,16049996,14603289,0,406,1,0.8063815371513585
47,14934654,9259332,0,773,0,0.14082127452043527
31,15896255,6779684,0,660,0,0.3459638812375008
29,13556588,8149873,0,461,0,0.7064370289967101
27,16008314,14181841,1,373,0,0.8681050506910912
48,14710982,8911312,0,769,0,0.1466179616797961
23,9846746,4752660,0,834,0,0.028676928027970842
35,7980904,11349062,0,627,0,0.40609060906409394
37,11493608,3901282,0,568,0,0.511907732090644
39,8493946,7540900,0,502,0,0.6324638936382279
26,16063362,12374190,0,438,0,0.7490517371623014
49,13947287,6194382,0,707,0,0.2600757445179291
48,16661766,8813473,0,630,0,0.39965072057931783
51,5799191,6293507,0,601,0,0.4531704148104807
36,4495030,3141736,0,676,0,0.3168397578494051
42,8197045,6221474,0,630,0,0.40026143901942185
47,9595319,1754968,2,756,0,0.17077302599795963
50,13057070,11692470,0,570,0,0.5097770739902873
35,14966505,8250391,0,676,0,0.31547270628693774
43,16560662,12860530,0,665,0,0.33558465021475037
53,14774704,6366166,0,742,0,0.19723878254939012
36,14763558,8644541,0,689,0,0.2928466989766881
35,11045201,8462584,0,658,0,0.3488398552825742
40,8286849,9858696,0,611,0,0.43391540649587834
39,14068727,7668631,0,771,0,0.143446248749563
52,15613808,12326973,0,641,0,0.38031835717386836
35,11457860,14886580,0,707,0,0.260154829928869
40,10586709,8856192,0,555,0,0.5366549713716787
53,13519357,13905434,1,550,0,0.546053388864253
59,5360832,5281670,0,572,0,0.5055771115420421
57,11242413,1923502,0,790,0,0.10972198781879049
43,9675725,4762864,1,743,0,0.19407678050846786
25,7727504,13068372,0,460,0,0.7083561617335302
26,18086072,4919490,0,767,0,0.15155588021712404
39,3263612,2340431,0,762,0,0.15959223783964396
46,14431337,7257708,0,722,0,0.2325948941119448
56,12453738,1832123,0,815,0,0.06274264713673125
51,6374786,2520741,0,816,0,0.06165090341030527
32,8420206,6164292,0,789,0,0.11066427414582282
57,17062029,2917982,1,755,0,0.17271714601274268
29,19394738,2676695,0,796,0,0.09751350930018698
58,16597666,3090847,0,787,0,0.11440463883685026
54,11995003,4400572,1,631,0,0.39772975305462954
33,18097282,13815549,0,437,0,0.7514738968149857
49,16348265,6144447,0,801,0,0.08845652543203819
59,19986217,14639231,0,626,0,0.4075768156129258
32,16929049,10568059,0,483,0,0.6664552916183611
44,19968298,4921501,0,744,0,0.19322811717626343
54,19207052,3386751,0,834,0,0.029478051626629916
33,6978530,4346885,0,525,0,0.5911006221019004
30,17504724,5668136,0,745,0,0.19167072717199285
43,19351332,13650744,0,597,0,0.46004486889420243
36,9324780,3238932,0,808,0,0.0769736222404953
52,4763067,8163656,1,553,0,0.5391844655290133
59,10041842,8558923,0,569,0,0.5104728824751396
55,3299354,10102630,0,676,0,0.3171102613101166
38,19578497,2262451,0,815,0,0.06430717183015812
44,4002420,13412626,0,503,0,0.6309202602685852
32,18962455,14554206,0,457,0,0.7144081671780071
32,8198832,9776925,0,548,0,0.549298441642731
46,13038155,1135252,0,732,0,0.2148904634838098
58,8905258,12929482,0,613,0,0.43114173613669654
25,11432596,3223029,1,813,0,0.06808578616563057
53,15279234,6721895,0,748,0,0.18606522016605798
31,15721564,5009306,0,821,0,0.05320527291933149
32,15775526,1178365,0,845,0,0.008886961265723178
50,17729398,1555339,0,785,0,0.11766043137513549
47,15308148,13452470,1,562,0,0.5244676462059469
28,4136666,1812851,0,813,0,0.06675383022944205
53,15400733,12522827,0,752,0,0.17830946869856043
55,18624246,1524582,0,832,0,0.03327537242341131
50,8007854,13683461,0,395,0,0.8276597329739244
53,18147613,8950392,1,716,0,0.24339454564202034
57,6944611,5715630,0,779,0,0.12842145811931951
36,13206770,2888072,0,841,0,0.015645705305332446
48,4264074,14558770,1,329,0,0.9464362119494831
30,16646171,9341272,0,510,0,0.6182551866559869
51,19201505,10792687,0,707,0,0.25955987218035476
25,3596245,12463985,0,349,0,0.9106485595304296
38,11651191,14328707,1,502,0,0.6334958691814712
23,7578215,3371692,0,556,0,0.5350454805937455
33,18086179,12997387,1,579,0,0.49187743288310254
58,3959119,1825852,0,783,0,0.1225494248192161
54,18320604,12142801,0,538,0,0.567938571907921
51,3794933,5854162,0,729,0,0.22063395707251562
44,5247157,1675204,0,821,0,0.051862680984374576
51,14319895,3362278,0,828,0,0.040317508895583394
31,18867772,10032256,0,512,0,0.61456536950904
40,10014029,9038303,0,618,0,0.4216219122874989
41,11509922,7764355,1,708,0,0.25881586281902197
54,8789174,9738107,0,397,0,0.8243015390375786
56,14669915,9779110,1,505,0,0.6280209112917126
58,18019968,3064645,1,751,0,0.17963624411218468
54,3815477,4027386,0,641,0,0.38045285392004285
49,8479944,7391425,1,372,0,0.8695700240884242
30,13490617,1819502,1,668,0,0.3307437611423562
28,7015151,4115556,0,652,0,0.36007105613932183
26,5789820,7464744,1,356,0,0.8978307338570181
44,4263077,6210886,0,739,0,0.2014012088225843
21,16021113,2107496,0,846,0,0.006986704173110901
50,17999003,6210078,0,807,0,0.07896768868828619
27,6472471,12109728,0,358,0,0.8946033697129524
44,15793350,13203059,0,550,0,0.5456850072874048
32,12086479,2111916,0,679,0,0.31138161487410515
23,16336642,3224293,0,840,0,0.018817767879147133
38,3642615,5148964,0,646,0,0.3703460794016677
42,12038453,14634308,1,440,0,0.7453004450140499
44,13261897,6792555,1,594,0,0.46454935045234436
30,10607236,1356569,0,672,0,0.3243770401060412
43,9414471,3829993,0,577,0,0.4958228210997094
50,4053205,1931867,0,622,0,0.4153618104946708
31,9070826,4254072,1,658,0,0.3486368391848595
57,6183572,8794386,0,524,0,0.5933136598018801
22,16031317,14663992,0,775,0,0.13657646996656547
51,8269730,1504127,0,826,0,0.043039519721742435
45,7480692,11991788,1,324,0,0.9557393621950858
36,19293652,1707268,0,823,0,0.049804408690390135
49,17217131,14431199,1,548,0,0.5482281882408313
59,18735291,12850452,0,442,0,0.7423052698750553
47,14094858,7968346,0,770,0,0.14548196865687169
49,8443941,8033365,0,435,0,0.7537242594524058
26,18574113,6117691,1,553,0,0.5401030303913397
44,5278240,4854645,1,655,0,0.3551406384182685
21,16253599,3813400,0,630,0,0.3997658706262086
55,17400043,10910948,0,535,0,0.572081866322681
55,10289335,6989465,0,807,0,0.07761369483330023
37,12690876,3719335,1,524,0,0.5935894615167089
50,17919900,14577944,1,663,0,0.339163337773837
45,6861811,8661056,0,448,0,0.7316606827249982
38,17315535,9546776,0,655,0,0.35458780557685304
36,8360335,13644368,0,387,0,0.8424082252855122
53,3287236,8893209,0,389,0,0.8387419479796066
40,3231973,1312794,0,604,0,0.44796014898599773
29,3475931,6722834,1,348,0,0.9120196568332789
29,10657470,12985449,0,447,0,0.7319132263678879
50,3981221,6598922,0,744,0,0.19342176813101494
52,7236183,5093493,0,802,0,0.08646547360727909
50,19377188,6683377,1,696,0,0.28083595869286393
37,17876549,7614700,0,757,0,0.1691112222199741
55,17948796,11382649,0,672,0,0.3229233920016026
48,8294840,3190534,0,601,0,0.4527435058042892
49,18479797,1507620,0,837,0,0.024403361252651423
24,8044428,3222095,1,789,0,0.11024161827030522
46,10732563,14073948,0,406,0,0.8077862616840683
43,4506811,4788165,0,656,0,0.3526507503086715
32,3434213,4029086,0,629,0,0.4016413621451915
22,6103965,1577264,0,825,0,0.044636131315885445
34,3815170,3028682,1,642,0,0.37788123839687265
26,17432856,8002972,0,616,0,0.4254411524864115
40,5552209,12408527,1,475,0,0.6820458535357089
25,11982627,9959315,0,428,0,0.766791943825468
53,5236453,3328981,0,656,0,0.3527216960479775
25,8804472,7877884,0,570,0,0.5090066448673652
24,13171204,5872724,0,600,0,0.45486263253450626
43,16588454,2846471,0,770,0,0.14492653896319438
31,12155697,14037552,0,424,0,0.7750657053897814
29,13041687,6832456,0,559,0,0.5283877163836738
31,9084011,3298833,1,676,0,0.315483208656999
47,3155090,7722854,0,713,0,0.2489339290907094
37,7787801,14223026,0,446,0,0.7347546609311975
37,9090592,6862570,1,743,0,0.19497660656548788
45,4850500,8232943,0,452,0,0.7238467146691878
26,4900210,12126704,0,466,0,0.6985577509849916
40,5001326,13617380,0,419,0,0.7832081904540651
42,5727904,4747516,0,793,0,0.10307339074853006
24,19413066,13636117,0,517,0,0.604903781806841
47,18250240,13485947,1,536,0,0.5700275318645028
47,6868112,13105975,0,351,0,0.9072437826756635
55,6855757,8210106,0,744,0,0.19283334705430777
49,4259533,5120060,0,769,0,0.14681642666040876
52,19343368,7580350,2,507,0,0.624065307193563
34,6129606,11288531,0,361,0,0.8891802561729035
24,12738684,9205320,1,466,0,0.69760075791164
42,3783370,11549632,1,430,0,0.7629821563550343
29,10683247,2541266,0,837,0,0.02397374543224905
26,15251590,4545662,0,833,0,0.03065456116752382
47,10541995,8219711,0,445,0,0.7364121227125962
21,8751040,3610982,1,700,0,0.2722100766558404
28,13024201,2012749,0,835,0,0.026824915651412155
35,14350050,1239202,1,820,0,0.053699667808487554
43,15595160,11346451,0,604,0,0.4471964264447226
27,3615655,5074571,0,635,0,0.3914318046335059
25,17378872,14260611,1,455,0,0.7180872277571536
40,7665469,5851339,0,527,0,0.5868196486933929
34,18290272,14529131,0,513,0,0.6129968041167427
23,5877810,14887806,0,430,0,0.7636954372671084
54,5919601,10462979,0,651,0,0.36139919055075626
58,13091429,7435520,0,638,0,0.38484624617228796
58,9146171,12242784,0,599,0,0.4564724719268008
55,17148979,2907834,0,827,0,0.04233404173352775
53,16672111,5928241,1,753,0,0.1759126673294683
37,4955517,8276532,0,550,0,0.5456631784660191
42,13036755,13722978,0,629,0,0.4016334478466131
36,14202743,11822352,0,527,0,0.5869523006986328
56,4253723,10253042,0,454,0,0.7208783071308839
43,5719706,13577690,0,355,0,0.8996228821387722
41,9965603,9202514,0,491,0,0.6528833617438653
23,7013548,4865076,0,510,0,0.6178698702408939
51,16553560,9537221,1,644,0,0.37489678248509
37,16734793,12754691,0,432,0,0.7594716391153433
39,14526677,13489315,0,386,0,0.8439578755021512
54,9668262,6560087,0,681,0,0.3068132951886569
22,4883720,13030466,0,489,0,0.6568644488074814
32,19108120,14456833,0,513,0,0.6131347580519192
40,12377422,9331022,0,646,0,0.3702355381128493
28,16571783,5009765,0,712,0,0.2504461570451703
47,10632645,13582690,0,421,0,0.7803041521910714
47,12421700,11573014,1,458,0,0.7119002502456802
35,12456567,6680154,0,786,0,0.11670774022081054
23,5689955,14427552,0,338,0,0.9309133651603562
39,16879099,9086704,0,728,0,0.22137893356191526
32,5652765,4947851,0,521,0,0.5987339429754917
57,4085279,13269719,1,313,0,0.976480752843108
43,5534428,1895673,0,788,0,0.1135059738634228
48,14539741,11845837,0,406,0,0.8081401467350332
47,4826254,2752719,0,617,0,0.4234748671429011
51,3668266,2295729,0,824,0,0.04770551024328812
22,10241223,7049561,0,808,0,0.07597479215905013
29,14830725,12787486,0,721,0,0.23373261611815935
28,19436736,1946852,0,846,0,0.007562734824505692
31,16012592,12917790,0,599,0,0.45629329041479133
33,3270992,4137478,1,656,0,0.35282736135918064
56,6782525,6440110,0,636,0,0.3887948978746943
38,18304095,8490778,0,610,0,0.43658043642880767
23,5251634,8814125,0,406,0,0.8081264351893148
44,17774879,8756509,0,687,0,0.29617490443270966
50,4163690,13017274,0,573,0,0.5028937549848557
59,9897617,10307390,0,704,0,0.26575203033411254
49,4893910,6268808,0,699,0,0.275225210168361
31,7365237,2628562,0,793,0,0.10408283199508132
27,18382369,13118105,0,482,0,0.6693873510148531
28,3112262,11125987,0,651,0,0.3619726741541294
52,17185091,11611389,0,626,0,0.40686189951722485
23,18665731,11310933,0,529,0,0.5837988895699481
40,18982014,6281622,0,627,0,0.40623680933341344
21,12452032,14248939,2,523,0,0.5953786272958864
57,19464167,2536111,0,835,0,0.02690906922696715
45,13297002,4435422,0,820,0,0.05365803084646561
51,16931034,3255398,0,830,0,0.03707425185712596
43,10746246,10014802,1,385,0,0.845518545041108
36,4798551,13179591,0,401,0,0.8157158360234704
25,8243707,3929114,0,710,0,0.2538455786527645
54,9304500,12117066,0,656,0,0.3530477757463332
38,16051450,7113024,1,491,0,0.6534153062349625
54,8626622,6984006,0,615,0,0.42730483800127717
28,8648741,5727522,1,729,0,0.21992027822095736
49,16828259,5841023,1,571,0,0.506973214279229
41,18020190,9161228,0,753,0,0.17569969624933676
54,7731118,6639256,0,637,0,0.3881528889723623
46,9066684,12039880,0,613,0,0.43028226024945065
50,16382699,2290542,0,774,0,0.13891025943457477
37,14103297,8562928,0,627,0,0.40551128195947816
34,11847833,12014879,0,602,0,0.45123181382539124
37,14066360,10295305,0,496,0,0.6443343053259032
26,19109334,4733773,1,645,0,0.37184473386852623
50,8971820,8354029,0,404,0,0.8103555593267071
54,15309135,10929821,0,675,0,0.3188228651832404
21,14935418,14144259,0,575,0,0.5002892933216645
45,15487355,14812534,0,562,0,0.523051422489667
33,10554875,7300349,0,526,0,0.5886957898902566
41,10605805,12443385,0,381,0,0.8518884134718324
57,12036207,10887443,0,562,0,0.5228809099510096
44,3300884,12516038,0,430,0,0.7632253554901983
29,16334840,12392792,1,715,0,0.24488625807267125
39,10936357,13982469,0,382,0,0.8501133305316847
46,11586871,13215259,0,480,0,0.6718655346320817
53,9837413,4217770,0,728,0,0.22258782607737418
29,15407445,9348065,0,518,0,0.6029121206359818
49,14428333,13331928,0,685,0,0.2993576062884686
42,14500193,6093938,0,679,0,0.31079680791699094
31,17562820,1276718,0,804,0,0.08376008569076006
43,8216413,2062757,1,704,0,0.26541525812548744
46,3595481,7184869,0,442,0,0.7425723099035686
37,8062067,2362728,0,681,0,0.3067676104796803
48,5117031,9900955,0,576,0,0.4975324846895277
55,15800228,3001584,0,718,0,0.24082153245645985
30,14829091,7598648,1,552,0,0.5413718975468459
45,4418945,11701863,0,347,0,0.9136962008888481
52,14991768,6472364,1,513,0,0.6124473609797138
32,18253524,12680181,0,443,0,0.7406208559128236
45,19646421,13070286,0,590,0,0.473350105474663
51,17571967,3926564,0,629,0,0.40129910361679566
37,13055665,1209902,1,824,0,0.047989930571249284
40,4889431,2979524,0,565,0,0.5187391024907143
23,13619107,13045312,0,388,0,0.840674644121633
58,14909492,14964237,0,755,0,0.173212913400191
58,15539289,5520123,0,827,0,0.04234495837877062
38,5273203,13006118,0,513,0,0.6123663458656522
56,18731918,4343023,0,781,0,0.12549407778636715
21,15738188,8421651,0,506,0,0.6249375144378743
27,15940148,8147783,0,811,0,0.07149510899012816
47,4849234,12112008,0,551,0,0.5442436743896025
29,9228587,10968788,0,644,0,0.3751038697137851
47,9329165,8540331,0,750,0,0.1812672066849181
37,18285700,9038636,0,747,0,0.18788880082911982
49,3790937,11858194,0,344,1,0.9201632034140642
43,6945082,12192939,0,469,0,0.6918709888439171
46,5817685,7719919,0,707,0,0.2601651092515081
32,17658107,2396375,0,788,0,0.11214363346741248
51,6560914,13108436,0,364,0,0.8831327262386424
32,13980099,5076635,0,744,0,0.19201918383189043
21,16237568,4158322,1,585,0,0.48183902164891884
40,18451866,5173084,1,721,0,0.23381688925937305
54,8160820,10978687,0,446,0,0.7343147750724217
42,15555569,1947066,0,820,0,0.05416176736548867
37,12891837,4302202,2,622,0,0.4153036124154528
36,17078809,2358674,1,709,0,0.255836151017169
58,4569973,6392997,1,697,0,0.2789847029435325
21,18942129,9821792,0,529,0,0.5834745502542412
26,6556811,12058332,0,675,0,0.31796698832787856
33,13675448,6879774,0,557,0,0.5323943698702243
26,5125907,2185551,0,827,0,0.04184846863556438
26,10433580,3363763,1,535,0,0.5735767852635026
38,5989144,2547132,0,609,0,0.43892716026801876
57,4573241,8849767,0,438,0,0.7482955753075763
27,5233998,12782074,0,407,0,0.8059112529956612
34,4288870,3760144,0,501,0,0.6352700881890007
33,8025900,8889739,0,753,0,0.17719488982257772
57,17680263,3821108,1,828,0,0.040334654760980033
50,16413559,7025919,1,530,0,0.5821788923504885
25,15802347,7546331,0,599,0,0.4562461137814629
32,18822711,14253411,0,567,0,0.5151813040403316
41,9116443,4693114,0,593,0,0.4678043949396904
39,17711509,2153374,0,781,0,0.12513077512785942
53,9575880,7049395,0,773,0,0.13957025087996525
33,19680999,13389768,1,621,0,0.4160159922211988
47,4103928,10461372,0,376,0,0.8615643145029545
31,9516689,11630762,0,527,0,0.5880940814336281
49,11375989,10607032,0,467,0,0.6957012066558708
54,4050670,5435504,0,501,0,0.6346150050562859
33,10318862,9191737,0,748,0,0.18615224662820226
40,11195442,2042065,0,795,0,0.09926164309126041
24,5155495,8496392,1,391,0,0.8345301474101068
33,6032885,7130723,0,761,0,0.1614767243397678
21,3739416,8314918,0,402,0,0.81534734203525
55,13151385,13984944,0,533,0,0.5769229713814717
37,15849649,8505338,0,514,0,0.6112065540758241
49,4540782,3808842,0,661,0,0.3436501283961328
52,10466163,9943371,1,577,0,0.4966007445686962
48,15251052,1869546,0,831,0,0.034447694787032586
30,17322048,2696128,0,762,0,0.1608133141940424
53,10904995,1990451,0,841,0,0.01725368775342312
50,11017780,8925777,0,743,0,0.19447720116222525
55,6325204,8916399,0,572,0,0.5051011913897671
52,14535063,10959633,0,596,0,0.4626925728837999
40,6996478,2451414,1,803,0,0.08607986573708608
28,8604223,5040124,1,495,0,0.6448883697900897
28,10577702,12826128,0,495,0,0.6462922330197326
59,4658617,1252464,0,680,0,0.3095084206587114
38,8210247,4278108,0,806,0,0.07928162364353077
32,9605302,13931702,0,594,0,0.4646658445527394
38,6380012,12161695,0,374,0,0.8649696956538838
28,4407228,2304824,1,633,0,0.394091578480416
31,15159908,3871551,0,784,0,0.12083670768118708
48,16821206,7004888,0,737,0,0.20603596232810342
33,19736488,9496525,0,689,0,0.2928680932568691
42,10556273,12143884,0,365,0,0.8827206320108427
44,6369478,5896225,0,792,0,0.10572651779706665
35,14996234,7696958,0,525,0,0.5913070456575702
54,11076803,1308006,0,812,0,0.06911360800377828
54,13958199,12848845,1,653,0,0.35841802099823267
59,13281902,9646340,0,690,0,0.29091758519809585
24,14273000,4956025,0,835,0,0.027423665263581854
26,17212396,6807879,0,551,0,0.5438058889579429
47,14567595,10329400,0,627,0,0.40485701365752047
29,13010785,5520937,0,571,0,0.5069008816813959
21,9294625,13838798,0,401,0,0.8167160894434344
26,16431838,1193083,1,714,0,0.2465282986628382
48,9212174,11492454,0,427,0,0.7698074356435027
25,12719429,10447421,0,599,0,0.4572167931048626
56,14733348,13659143,0,480,0,0.6730815872756281
57,11520258,9780744,0,569,0,0.5111902112452461
37,8880127,2469632,0,696,0,0.2804953981570746
57,3147424,1924028,0,741,0,0.19840802731369145
22,7783669,13057356,1,417,0,0.7881780634721913
43,7958325,2812384,0,666,0,0.3352517862733253
58,4970864,8615709,0,463,0,0.7029112934307027
30,18261329,3729468,2,650,0,0.36405687967570804
33,15253623,1016320,1,829,0,0.03742262817045208
45,7386977,7105425,0,741,0,0.19807729214010447
57,10076367,7393268,0,815,0,0.06357133265245778
53,16963749,2955508,0,714,0,0.24655623238613691
52,5995184,12618557,0,382,0,0.8504638407512273
23,16166964,10688383,0,559,0,0.5290360528478311
58,6918340,13679813,0,542,0,0.5595652129973159
27,6156046,2775496,0,835,0,0.02715720849330046
54,16063737,4075426,0,828,0,0.04008694243305017
47,6629157,4918203,0,796,1,0.09851454196683214
25,18468169,7635745,0,721,0,0.23516320710482286
54,18357791,1444092,1,837,0,0.023502505586489256
30,6842056,6849797,0,603,0,0.44949850380233797
27,10811931,10839510,1,392,0,0.8335602125436935
30,3300035,10946291,0,416,0,0.788192539803075
26,13509859,11018645,0,540,0,0.5641496448128025
45,14186978,6481022,0,654,0,0.35628543602692025
50,14628333,14712632,1,555,0,0.535456004920835
35,3939491,8384384,0,446,0,0.7336895717549483
32,8044647,2177016,0,813,0,0.06732474029221269
56,18155676,3793236,1,775,0,0.1367384350688258
54,5272897,14806167,0,334,0,0.9389499120350667
42,16745018,2748578,1,748,0,0.18525013403605786
32,6106969,1590344,0,823,0,0.048730402587331946
56,12545557,14443943,0,492,0,0.6515610230781803
57,3012483,4008505,0,594,0,0.4648726530158447
26,19511915,4055105,0,821,0,0.052980696827882374
37,16240234,1279783,2,661,0,0.34371306779201966
22,10136429,12450095,0,501,0,0.6343725161700654
56,3934731,3700992,0,565,0,0.5181419473900363
45,18036224,14765164,0,487,0,0.6602689617862864
22,7022256,2958908,0,669,0,0.3286704221887409
32,17019076,1036273,0,837,0,0.023692774994151428
46,10649387,3433276,1,620,0,0.4180503285897695
59,11283656,13724427,0,408,0,0.8031119861158517
43,13167859,6244131,0,580,0,0.49140550821697726
44,8855620,9503636,0,644,0,0.3753592849552654
55,4614729,10041338,0,445,0,0.7360649472284475
39,18405046,6774503,0,795,0,0.10039088467240474
52,13227115,7238455,0,732,0,0.21414523270439464
58,7049683,12195699,0,516,0,0.6066889997886832
40,15940889,10147796,0,615,0,0.42757124804701946
29,4473959,10749573,0,392,0,0.8335373577617201
26,9312995,8372620,0,683,0,0.3036692241211945
50,13599968,2116153,0,721,0,0.23504035158893347
42,12868942,10903716,1,566,0,0.5155847149298979
38,7303595,6752137,0,552,0,0.5420011670785505
39,19879569,12284039,0,674,0,0.32087104081043827
46,9935078,14962692,0,430,0,0.7637829457720349
39,4471081,3768162,0,510,0,0.6181087090771554
28,8633421,14912141,0,483,0,0.6671641567145729
31,8878069,4413681,0,506,0,0.6259585285065506
50,18440089,2195108,0,844,0,0.010240576607311829
28,5190928,7323155,0,436,0,0.7528305602749358
48,10166878,10346937,0,411,0,0.7978821308499896
56,17623056,9386158,0,558,0,0.5312814722343766
51,7759524,7393002,0,760,0,0.1640326062570211
22,8005978,12744123,0,647,0,0.3697729363904257
35,6607082,4592407,0,787,0,0.11420939292040018
57,17926060,6028126,0,707,0,0.2599192089650771
33,14886562,14779555,0,437,0,0.7502280249414591
26,14881029,10385390,0,624,0,0.41085261513352345
55,12773040,3537942,0,830,0,0.035608545794348766
52,4407620,5247980,0,538,0,0.5666079625539711
29,8337939,9887599,0,560,0,0.5267243068647124
37,3001580,8308228,0,389,0,0.8384367417991568
27,14772694,13121537,0,665,0,0.3365707183549751
51,6796708,14530392,1,394,0,0.8284217467217981
48,6603041,12541393,0,618,0,0.4226203236435513
53,6460854,7533843,2,366,0,0.8805698105814029
42,19568513,13391106,0,541,0,0.5615983499867468
23,15451318,11601640,0,766,0,0.15353714572053725
31,5290412,6826000,1,441,0,0.7437994506016204
33,10145945,1104836,0,838,0,0.02138174449617079
31,10922545,5980706,0,795,0,0.09971878457689771
51,10894380,10641366,1,529,0,0.5827486981522053
47,12389501,14130372,0,485,0,0.6640935469907676
25,5811231,5388308,0,484,0,0.6646377878121922
53,10827370,14069545,0,445,0,0.7371117592979676
51,17864067,7762633,0,601,0,0.4528654925302889
52,16063319,5733455,0,614,0,0.4285624479977981
34,15547384,5841193,0,567,0,0.514068712465031
59,3941997,10588739,2,370,0,0.8728916658789476
56,13350313,3154881,1,692,0,0.2881273483838363
41,6241857,14948084,0,441,0,0.7437647246466218
33,7827054,7217151,0,761,0,0.16237394553729165
44,13243692,3147674,0,748,0,0.18537511381836289
46,15860998,8188920,0,672,0,0.3239610860361682
45,3183507,12417803,1,486,0,0.6609985885633086
44,6277552,11643339,1,342,0,0.9240207995465756
40,9944385,4082038,1,540,0,0.5635980172986738
47,19564122,8544708,0,700,0,0.2727619734656847
50,17956119,12524548,0,587,0,0.47887222298066395
28,7385791,7465343,0,774,0,0.1373041359201019
34,18424218,3303225,0,670,0,0.32806484843528033
34,10267888,13330342,0,470,0,0.6904118128643401
45,18131440,10205413,0,668,0,0.330931974933908
37,5210286,6033759,1,651,0,0.3622090090618215
48,17898036,7651803,0,767,0,0.15161610533099165
28,16457168,3438127,1,741,0,0.19862583033885114
53,7570859,7286789,1,461,0,0.7073684570273328
57,17911931,6286549,0,810,0,0.0720086428864536
39,4132099,1622636,0,655,0,0.3536966659853547
58,9637542,13737502,0,615,0,0.42709333632540397
33,17110443,7554929,0,545,0,0.5554001323862551
35,11775004,2440485,1,805,0,0.08194140504485775
25,5597002,4768647,0,780,0,0.12815587847820473
34,9382948,5712658,2,650,0,0.36425229402208575
46,12748458,12212831,0,434,0,0.7563887990518813
42,3671047,11854696,0,576,0,0.49746254183632105
40,11472284,8369155,0,438,0,0.7493026869361454
47,11660167,11597693,2,382,0,0.8504915555292678
44,16675610,3787904,0,784,0,0.12060064748881862
23,9315410,2762416,0,837,0,0.02307990297335612
23,15500530,7206329,0,568,0,0.5131629090783393
52,4169354,2512652,0,669,0,0.32994869788041997
44,16635005,9268608,0,649,0,0.36557084167763243
34,17679693,8790489,1,615,0,0.42643247317620153
43,6916226,14707994,0,340,1,0.9273704439459484
52,7679095,3122551,0,800,0,0.09018554827943814
26,3904460,6224725,0,791,0,0.1079678213870673
54,9025807,4251687,0,577,0,0.4958893030742015
37,18563790,4929983,0,625,0,0.4087107669300169
54,15786270,11450244,1,413,0,0.7940508033803367
53,19874385,8551392,1,725,0,0.2268207069928118
25,19897152,5324005,0,828,0,0.04085249955957958
35,18923832,6522752,2,616,0,0.4252559101555243
53,15604715,14705199,0,670,0,0.32714515116884973
53,9715737,4464668,1,475,1,0.6818472391016369
25,10052281,2636982,0,717,0,0.24202322282902122
34,3246620,11752370,0,466,0,0.6975356412335625
34,5728571,1002510,0,656,0,0.35362871748018404
38,11373383,8975948,0,447,0,0.7332987096816268
34,15146435,12093469,0,503,0,0.631644004609344
34,4793616,4812645,0,458,0,0.7121997494959293
31,11362201,11541187,0,454,0,0.7203702296390052
23,7043115,1782196,1,806,0,0.07969164072689815
31,5115490,12834125,0,347,0,0.9145472154132209
34,3751554,14948089,1,465,0,0.6991675026062941
21,15490413,9466781,0,749,0,0.18362916699094614
42,8821203,12519397,0,362,0,0.8867644667998281
43,8760246,2546163,0,832,0,0.03220947601629647
33,4215732,10247801,0,545,0,0.5539204073245704
45,19311288,9012350,0,638,0,0.3861180315612487
56,17844749,12564988,0,713,0,0.24876576203854273
25,8273972,12249704,2,325,0,0.9540109243011082
37,16607925,11242675,0,596,0,0.4611586214221031
24,8800830,8040584,1,537,0,0.5690662694785181
24,11668613,13743904,0,514,0,0.6103635189617002
52,7885771,7617594,0,600,0,0.4544120782492534
40,11476931,14666443,1,408,0,0.8027648943640183
52,5917124,12215886,0,593,0,0.46780929121019793
44,7398392,11749246,0,362,0,0.8876805601145437
52,10924124,8900368,0,501,0,0.6346315977091206
57,3223042,13042572,0,450,0,0.727675980147322
39,11189539,12921243,0,582,0,0.48682743607696843
54,4856872,6909090,1,500,0,0.6358082029440474
58,3558092,1442609,0,805,0,0.08244974494830999
40,19594500,5919054,0,811,0,0.07113627566720311
41,12849204,6451323,0,677,0,0.31394810911962007
33,8971213,10875039,0,628,0,0.402988990974676
55,8975857,10562799,1,464,0,0.7011355002542684
40,5357114,3053285,1,675,0,0.318284841382067
30,15946052,2493422,0,730,0,0.21895177552301323
40,17653804,14029532,1,398,0,0.8223677515554116
21,6522648,9458380,1,533,0,0.5758899255893142
24,9031559,12845056,0,619,0,0.41982625766614295
57,7176763,11044429,0,423,0,0.7762990559884463
31,16987131,6249415,1,582,0,0.4865601647183413
25,8624019,6683352,0,806,0,0.07937779052278897
33,14603989,2865151,0,842,0,0.013794848583625249
53,13809623,6996433,0,585,0,0.48198330264234385
31,10396128,1427660,0,835,0,0.02654382014001695
26,11681933,4002153,0,836,0,0.026154079156953832
41,9332287,2656431,0,646,0,0.37106098079243655
28,4812947,8276609,0,745,0,0.19092051831031975
29,18974846,3110870,0,693,0,0.2852956515203325
48,9857240,1601607,0,717,0,0.24120501537415065
48,18329532,7419259,0,706,0,0.2616804543028372
53,9030977,10271477,0,651,0,0.36167800691973034
28,7095137,7750345,0,632,0,0.39592988192188994
46,14187502,2090985,0,724,0,0.22844441014941622
47,13223472,12101690,1,518,0,0.6038678084621371
31,9967086,7120619,0,655,0,0.35406585904786975
21,7216835,12446720,1,416,0,0.7894908265949915
31,14408548,14303059,1,371,0,0.8702298400513739
43,19149526,7093830,1,695,0,0.2818956765544484
43,9250608,4565465,0,539,0,0.5652509414995418
21,3593257,11227044,0,454,0,0.7207360086036542
28,12409778,6046623,1,694,0,0.2842389411466664
47,16686944,6834902,0,738,0,0.20316462709269656
21,7989969,1198329,0,793,0,0.10411630006114048
42,6034345,2921267,0,790,0,0.10892717294560285
24,11436947,7178036,1,404,0,0.8117189724390563
57,7651696,3532414,1,542,0,0.5606732538655484
24,14613879,4750892,1,825,0,0.04599823922721147
45,13706961,9521993,0,554,0,0.5372877818734908
57,19459723,3430216,0,837,0,0.023222961111715585
28,7145187,2136245,0,662,0,0.342561525803809
46,3990691,11230836,0,452,0,0.7229825085654041
59,19396547,8996733,0,783,0,0.12144230409475161
38,17743208,5640088,1,716,0,0.2428119615566777
35,13695714,3879254,0,738,0,0.20411741808762027
37,15503691,5022410,1,710,0,0.2552254243142699
50,7872018,7258671,1,645,0,0.3733196764381035
57,3034778,13622404,0,400,0,0.8184792685984323
25,9270253,4722343,1,816,0,0.06152508728334383
29,3792521,14329297,1,405,0,0.8089335499437572
44,16847622,13381584,0,485,1,0.6632721390464641
51,12184157,9135047,0,504,0,0.6287354981908201
34,13702147,9643781,1,521,0,0.5987470901958014
21,13670772,8915728,0,810,0,0.07227030979499208
39,6938076,14678696,0,358,1,0.8949998114925131
21,16295896,7865685,0,601,0,0.4533559796865721
41,7001684,10784890,0,607,0,0.44162234355556507
51,9272211,12005076,0,595,0,0.4631470648255429
47,8080490,12353933,0,352,0,0.9056626155733442
21,18560944,1087304,0,845,0,0.009008707724942397
36,16936314,8674998,0,548,0,0.5496496368825691
39,12912097,13474500,0,438,0,0.7486037671194955
43,15623827,12420832,0,579,0,0.492046471278909
48,16372255,13732838,1,412,0,0.7961224587382322
38,18154478,10613413,0,518,0,0.604139009317905
36,15434585,3393248,0,826,0,0.043379800032961824
59,8093123,12909402,0,397,0,0.8243886130356491
49,13837620,7076467,0,513,0,0.6132889317317453
52,14735291,12629150,0,456,0,0.7164241114234867
28,8375763,14983843,0,703,0,0.26660997333692515
24,15130381,5560458,0,827,0,0.04196985552020268
26,3732770,9194697,0,472,0,0.687999600379411
41,6934902,10790896,0,386,0,0.8434680971897585
30,4120648,4027007,0,800,0,0.09056278571188614
29,11805052,13940323,1,375,0,0.8634806038405992
44,10062898,7856431,0,757,0,0.1687547147333789
30,4611398,7300457,0,737,0,0.20629508826297727
23,6964376,2571274,0,734,0,0.21000086838286847
41,13437889,8923106,0,501,0,0.635419460991065
46,3032714,7829711,0,682,0,0.3054870109493271
47,4192952,6064665,2,357,0,0.8958352365460808
43,4764277,7152583,0,450,0,0.7265308358949808
59,3804980,14572515,0,379,0,0.8558662060544261
48,18055627,9441426,0,498,0,0.6406375072685576
55,5123554,3265468,0,793,0,0.1040124391532702
37,7764003,1476616,0,780,0,0.12718997038794783
54,16763611,6563114,0,675,0,0.3186872824406409
28,3212575,13779253,0,404,0,0.81037171957231
29,3683192,13545147,0,389,0,0.8380306847767406
52,6203771,9331256,0,439,0,0.7475196070257577
43,12611576,4072141,0,557,0,0.5333087938788222
22,13218060,2513031,0,842,0,0.014115876603344795
46,18331529,2528362,0,833,0,0.03130284507867532
30,14078827,12399019,1,558,0,0.5307110812234449
46,9305034,7230417,0,781,0,0.12612682036797548
27,15220363,1467396,0,836,0,0.025371731560983088
59,5793116,5137759,0,600,0,0.4538430966295794
40,5217425,7497611,0,489,0,0.656166550312164
32,14637710,11482341,0,438,0,0.7493072566643645
30,7944780,10566147,0,655,0,0.35398507029699045
45,8617589,8705784,0,593,0,0.4674710275413711
38,5333307,12172625,0,497,0,0.6409450696137174
48,9687783,2359143,1,618,1,0.42161833632265316
53,4019994,7627897,0,723,0,0.2304089305577799
32,8035053,3295680,0,648,0,0.3671820728453807
27,14571162,2415567,2,827,0,0.041063169179105845
40,5458980,9746330,0,563,0,0.5223966039200042
33,18222213,2093744,0,783,0,0.12107459275000654
40,16116532,2071836,0,741,0,0.19870011459293946
41,15377333,14449917,1,618,0,0.42179344215286907
36,9104352,11579601,1,602,0,0.4502875179926636
37,9535303,1549953,0,716,0,0.24450636502536494
59,11329884,3161630,0,765,0,0.15405052161545948
33,15047238,3032170,0,829,0,0.038561242031040915
46,10982462,4756129,0,594,0,0.4650207436851807
28,17784749,1979901,0,837,0,0.022819946981112487
40,18029536,5113153,0,638,0,0.3856543522037039
52,18207450,6870935,2,677,0,0.3150992878678098
32,6736480,12000103,0,412,0,0.797266201041127
56,10239736,3703700,0,829,0,0.038913997844073574
38,12420960,7432012,0,682,0,0.30478977399761176
42,12803073,14128989,0,399,0,0.8205940062006353
30,4598804,5900682,0,761,0,0.16181622309800547
24,7477368,1786894,0,821,0,0.05315683351712144
41,4845761,11150787,1,405,0,0.8097176076702729
52,16747155,7750491,0,691,0,0.28956645961928973
37,8286195,11537651,1,555,0,0.5362687601357427
34,19601971,2065347,0,807,0,0.07772671614645534
49,8485333,11964714,0,638,0,0.3857264319469471
54,4419953,8535868,0,752,0,0.1776822982080739
57,10286373,12740460,0,354,0,0.9020995803858648
47,16771778,4169906,0,781,0,0.12583712984508366
44,13603945,8747851,1,555,0,0.5357588842734023
42,19192681,9898687,0,525,0,0.5915711215968656
29,13969124,12326680,1,666,0,0.335440604017013
21,18134435,14362747,1,471,0,0.6899657535451714
22,13809815,8934683,0,563,0,0.5212261603100736
22,17326606,6687187,1,755,0,0.17208239558527882
22,11616430,8980856,0,545,0,0.5545794353597153
23,5987587,8656884,1,359,0,0.8923545754849403
31,17300474,9539624,0,479,0,0.6737227802347561
32,11949618,7255469,0,497,0,0.6414563424671726
46,10100535,11658893,0,457,0,0.7148504606150313
26,9090008,2062774,0,675,0,0.31850636074275734
43,5401809,13161243,0,405,0,0.8086038922008597
27,10043631,9690878,0,394,0,0.8290470582832604
53,13217120,12541827,0,746,0,0.18880217017598477
59,7958005,7980091,0,750,0,0.1813148976654023
48,16243158,13553996,0,521,0,0.5982085384425075
38,17491753,1822665,0,843,0,0.01340367146578803
37,5131208,1058627,1,569,0,0.5108154444583678
37,5742973,8136992,0,733,0,0.21340913875888215
30,14487282,1727845,1,836,0,0.025653020304278
36,19321413,6123824,0,713,0,0.24958890584173377
34,6478095,2067929,0,788,0,0.11233666410000792
46,6799680,6456241,0,643,1,0.3767804242452606
26,17379970,11097993,0,514,0,0.6103090977779335
35,10358957,4233860,0,822,0,0.051263064475060315
44,9191921,2109583,0,832,0,0.03261655941777821
41,17664212,8109890,0,649,0,0.36555230301742947
35,4969047,4233542,0,636,0,0.38834987806243765
47,16971471,2926208,0,831,0,0.03374453908480104
53,16494735,9390317,0,537,0,0.5687575855709884
47,18592321,6373721,0,592,0,0.4694214111514494
51,8112128,5474224,0,780,0,0.12815193963116964
39,14004756,1193841,0,730,0,0.21902041357778942
38,6178427,7768636,0,731,0,0.2162092369057443
51,12333195,6589620,0,727,0,0.2244057748411645
23,7315420,8987152,1,647,0,0.3698666471379724
52,12570426,11853855,0,580,0,0.4900390797477061
44,15732605,14738351,1,492,0,0.6508899827086718
51,15707601,9803349,1,634,0,0.393566529773107
56,7620111,6171734,0,811,0,0.07161706199293244
24,19146480,4599659,0,844,0,0.010485425587161605
40,8464578,11000025,0,379,0,0.8560025098278076
51,14344496,12062071,0,505,0,0.6272954210951069
41,3266322,2190267,0,644,0,0.37403591215867565
48,4145591,2677902,0,627,0,0.4056545583017086
59,7476544,9607780,0,554,0,0.5373681825421085
36,11606792,3390696,0,598,0,0.4582608320212202
21,10017560,2204181,0,693,0,0.286275986019036
25,19164675,7852537,0,719,0,0.2385175076094341
59,6018916,1927800,0,810,0,0.07300159975972738
46,5561269,7719233,0,701,0,0.27043073978202586
39,7913785,10584270,0,534,0,0.5737940248705803
55,14258734,4130560,0,834,0,0.029764863149323643
31,15128854,2107170,1,826,0,0.04439175565589728
28,6302573,12186330,1,530,0,0.5819433910614794
47,4115134,2864571,0,645,0,0.37263126636363547
53,18866172,14271100,0,551,0,0.5442630951412559
27,3836751,7465451,1,643,0,0.37603415230673853
53,9754647,10818743,0,381,0,0.8531247182130173
51,4095922,4342487,0,464,0,0.7011419122433522
31,6316765,9797419,0,394,0,0.8299530144178598
54,9976702,1911546,1,723,0,0.23165547417098412
32,4702517,4954365,0,482,0,0.6698916378243771
51,15846949,12556278,0,429,0,0.7649636205139826
58,16011938,5538621,0,641,0,0.3807933929076232
43,8664117,10628621,0,521,0,0.5975933040326759
52,12882130,1275903,0,834,0,0.02865473699898829
49,5330110,12601144,0,584,0,0.4844226212368226
35,5202894,5674356,0,451,0,0.7251390569833859
46,4234955,7518662,1,369,0,0.8737033130807356
50,5246476,10638624,0,428,0,0.7676296010200533
37,10250221,13780414,1,443,0,0.7399335912449182
22,16520997,8918432,0,804,0,0.08339877734500552
52,16083065,9195601,1,484,0,0.6649687008512838
29,17802216,8477100,0,695,0,0.28095391661286573
34,15307394,7515980,0,773,0,0.1403298592723632
35,11570905,10406900,1,375,0,0.863986711750913
23,7738536,6595478,0,777,0,0.13231359657173036
22,6328585,3409478,0,797,0,0.09582624707843072
38,11245447,5591105,1,656,0,0.35288789191112935
36,4278697,7549578,0,682,0,0.3055371428989926
51,19834762,6543008,1,782,0,0.12295778679124819
32,12926856,3291837,1,683,0,0.30396928941161305
59,4773561,7277229,0,551,0,0.5434365600690597
22,10456334,1730174,1,817,0,0.060727072164385255
21,15036473,13674478,1,384,0,0.8470121846373398
33,15110515,11061435,0,636,0,0.38982486500127855
43,13763716,13610184,0,730,0,0.2188007647961303
23,11945922,9592998,2,660,0,0.3463490281662682
49,6878367,9048654,1,378,0,0.8581789123438438
45,5297450,5010172,1,515,0,0.609559506467206
58,15591505,12065284,0,594,0,0.4662205984471373
47,4804452,2168377,0,636,0,0.3895686390838892
26,9915490,12106678,0,358,0,0.8948592784355421
54,10291659,12117781,0,365,0,0.8818162859221843
32,12359110,8693758,1,572,0,0.5048671462523112
29,15495322,2569987,0,844,0,0.01117854385430421
42,11443424,7713157,0,780,0,0.1281201469275182
42,19912763,13441769,1,542,0,0.5599635040184296
28,7926082,10219086,1,414,0,0.7921501508659761
50,8085997,4277294,0,812,0,0.06874534055312569
46,10532107,10759760,0,614,0,0.4294699769093098
38,6477569,2426759,0,817,0,0.05930433667469243
57,16952609,13861750,0,557,0,0.5326676677715078
30,5381178,4754546,1,583,0,0.4858982049213842
44,8692432,12581026,0,582,0,0.48641742467763605
52,6674275,1194957,0,801,0,0.08848609939191428
29,18459551,1985321,0,846,0,0.007572702583689962
41,16365509,11657192,1,471,0,0.6894387789745048
24,18278919,11087692,0,700,0,0.2725190479369048
29,6253740,4550861,0,675,0,0.31842235482829445
33,19573517,1941408,0,802,0,0.08649981541496794
22,4493886,5341852,0,788,0,0.11248095046286831
23,9084028,6926851,0,523,0,0.5954279298890378
52,14770338,10240269,0,609,0,0.43815504555869844
47,11295773,9556837,0,445,0,0.735729170515017
28,14604190,5313059,1,630,0,0.400158885287234
55,11821907,3791905,0,646,0,0.3705781061126972
40,12166521,2815248,0,841,0,0.016768155503004808
47,14309234,9849529,0,570,0,0.5086223352029413
26,12341978,14507528,0,508,0,0.6216604526351192
36,13010581,14174415,0,366,0,0.879817313897485
27,9436856,8659141,0,593,0,0.46693750300566483
43,15571357,8749463,0,759,0,0.16464113606080527
54,11298415,10635362,0,541,0,0.5611104322384372
21,17980355,1656956,0,805,0,0.08206353040567242
31,19620459,4873275,0,749,0,0.18307044220743787
22,11112234,7467069,0,811,0,0.07107127472660803
38,16851787,6914273,1,722,0,0.23282072465192716
53,18886116,6445376,1,770,0,0.1448389188260115
54,5295922,11441318,0,509,0,0.6208890712195888
35,12126770,13669889,0,623,0,0.4134305618868976
28,15325492,1326295,0,845,0,0.008204899122591017
50,11472021,13197488,0,543,0,0.5580759947782014
52,7759584,9700606,0,511,0,0.6156374174120331
56,17275172,11885021,0,711,0,0.2518532422612011
42,14827636,10136932,1,549,0,0.5471055289307875
34,14197468,4293218,0,578,0,0.49486667228836473
41,7504140,5796587,0,495,0,0.6457150152051501
33,15326146,11127711,0,634,0,0.3920028763834891
45,17961867,13323791,0,628,0,0.4040866476629387
35,10147328,13288544,0,478,0,0.676752741490759
43,14765779,9611876,0,518,0,0.6029181560173572
24,15977579,13681881,0,733,0,0.21194923722459946
31,12335795,7826860,1,597,0,0.4595341055819979
53,14465647,5280908,0,707,0,0.26053304313197917
32,17569327,7529258,0,655,0,0.3541061930551393
53,13038699,4029596,0,823,0,0.04865268423541699
21,7532387,10587277,1,361,0,0.8889047506223022
52,15759720,13361668,0,633,0,0.3937201416361018
54,16163133,9219237,0,662,0,0.3411751094767046
52,9018649,10543054,0,639,0,0.38325891145366303
51,17771303,12160325,0,572,0,0.50598246276034
31,16880929,14231591,0,660,0,0.34567614002768615
51,17233631,14016995,0,496,0,0.6432154543702916
43,10799617,7243730,1,617,0,0.4239811337501697
40,7114476,8950681,0,422,0,0.778913242215841
25,16536623,13679337,1,530,0,0.5824715153974186
33,6328101,4450195,0,784,0,0.12016990606953988
46,11762802,13635968,0,525,0,0.5901677910841793
56,16300992,5725627,0,643,0,0.3755831864280723
55,5151562,7568885,0,538,0,0.5674403723892808
37,17794855,6995433,0,561,0,0.5251807772465401
48,8345379,11354030,0,581,0,0.48964029542930554
37,10070969,1267033,1,828,0,0.040248005440717466
21,13145638,3067904,1,584,0,0.48285508008671235
39,4875097,12743244,1,351,0,0.9077455814002775
53,12641436,7309017,0,708,0,0.2574066955664564
39,13944910,13542242,0,415,0,0.7917705690183784
58,5261069,5317083,0,580,0,0.4913948440742562
38,11650601,12664024,0,408,0,0.803085964360819
24,5419310,1955217,0,835,0,0.02781915759558121
51,17839234,3732302,0,660,0,0.34630860955174664
55,4071844,1255241,0,822,0,0.05080121211551795
38,6089206,10505196,0,383,0,0.8482745893011613
33,4764678,5654013,0,555,0,0.5368297390787532
35,10889257,7613102,0,571,0,0.5067002813924298
31,3713388,2928716,0,643,0,0.3765750601338391
26,7354824,6300120,0,791,0,0.10675289075974148
34,13907371,9529696,0,452,0,0.7228118438200424
33,10003838,8552302,0,660,0,0.3449988646384253
55,6033743,5330358,0,662,0,0.3421720201864349
25,10386928,14942917,1,418,0,0.7859156594278301
40,5191527,10780877,0,438,0,0.7484488281481608
22,4721319,4231385,0,823,0,0.04976377607646635
42,11797881,11085522,0,530,0,0.5825021882697644
29,3529731,12260960,0,568,0,0.5129800675736721
42,10352395,7580397,0,755,0,0.1732849610530874
51,16042734,8198540,0,622,0,0.4153815528971832
39,6642578,14838574,0,359,0,0.8925717096875351
28,14918980,10859912,0,673,0,0.3217511649688553
34,7790533,4865801,0,632,0,0.39660542663686754
48,9129252,1863366,0,822,0,0.05014349363838245
36,8089028,14919846,0,470,0,0.6917093397149792
25,8938675,5834984,0,818,0,0.058260600483032776
27,9409612,6747550,1,762,0,0.16028198857627346
51,17462920,2258866,0,843,0,0.012019517902015215
23,4652705,4503875,0,498,0,0.6396036892954259
49,18091239,13669378,0,707,0,0.25956474958897974
42,14415944,13936837,0,480,0,0.6732534733398782
36,7376467,8117874,0,435,0,0.7541721920804644
47,8377087,8679142,0,752,0,0.17749169396684183
34,4156484,7089256,1,443,0,0.7402961081047882
31,14381915,12164866,0,519,1,0.6022692750654098
53,17750244,8494364,0,768,0,0.1483626862382856
39,3489763,7297524,0,740,0,0.19946483063324716
48,4199617,4383155,1,546,0,0.5523555870291995
44,14867882,7269904,1,750,0,0.18215939330761755
55,8305164,11840672,0,701,0,0.270496737367248
33,18934669,6077790,0,665,0,0.33546519398549607
25,15430594,12754639,0,441,0,0.7441976751592602
42,10495863,1035070,0,836,0,0.025102807461082063
48,5754925,7986066,0,571,0,0.50672536212009
56,6780095,6609305,0,592,0,0.46908493013945557
28,4417711,10846749,0,433,0,0.7589520482654838
49,8934595,7319142,0,584,0,0.483691929575574
50,13931381,2256471,0,751,0,0.17959502437535477
42,5089982,14798026,0,440,0,0.7446870303439582
43,7415673,1326895,0,834,0,0.028966876156788997
36,4781004,3992797,0,672,0,0.32287631214566587
51,6013436,2117587,0,745,0,0.19097299823158168
34,7169823,3205422,0,689,0,0.29225716434382565
43,11641724,9355754,1,641,0,0.3808904081120401
45,3239759,10710639,0,489,0,0.6559735128418511
29,12058960,8840906,0,483,0,0.6674143057792025
58,18925784,11869587,0,718,0,0.2405855118174837
59,19086352,2518084,0,843,0,0.011875164910733019
50,3687454,1170385,0,749,0,0.18454239781195433
24,9691541,13627861,0,502,0,0.6326788283775217
35,15654535,5345665,0,758,0,0.16732502844398758
42,19778504,11924061,0,664,0,0.3380086243972628
54,4659595,5922677,1,524,0,0.5924347659602432
39,18627122,13874379,0,485,0,0.664533251806149
23,5911238,11320282,0,539,0,0.5662101151549619
33,16508976,4999748,1,529,0,0.5828372505440237
42,13624723,14653178,0,503,0,0.6313684299400734
53,15013196,7735039,0,564,0,0.5196407054799401
22,5822924,3957277,0,521,0,0.5987681585318516
50,4221028,13688734,1,407,0,0.8053660073142348
31,10447485,10274256,1,378,0,0.8589003144109331
56,14810873,2745101,0,841,0,0.01573336776563204
23,19413179,11730204,0,653,0,0.357716465872365
57,7522449,6215707,0,804,0,0.08426845136124932
35,9053303,9748705,0,379,0,0.8567063009951061
46,19934396,6401743,1,687,0,0.29634858620492494
58,4866511,14893715,0,352,0,0.9047497806440964
50,17089215,3735732,0,825,0,0.044884757991466705
42,9686074,8734872,0,534,0,0.575379890679261
39,14568002,13592248,1,548,1,0.5486111191728117
55,17439081,5476540,1,800,0,0.09099341958695138
57,18212545,7226703,0,672,0,0.32284978732098746
21,11368866,6387998,1,473,0,0.685379787295211
45,15686171,2668812,0,731,0,0.21587203229483698
52,17582435,12593577,0,542,0,0.5608070809817457
38,6858975,8970040,0,687,0,0.296895925797912
48,5872465,12609488,0,462,0,0.7047010438020428
43,13360007,6433762,1,526,0,0.5882352857546059
30,3911228,6882220,0,543,0,0.5573564341406178
25,16277484,10789342,0,585,0,0.48227582174408057
47,3350521,9758729,0,445,0,0.736269939914254
22,16566448,4204961,1,822,0,0.05160652724182562
21,10629265,5996706,0,753,0,0.1768631828940018
35,17720822,12659099,0,439,0,0.7467819832305649
41,8001911,6165390,1,408,0,0.8042956869898221
44,9238122,2365733,0,826,0,0.04439265411762642
56,11629762,12199774,0,447,0,0.7321618714073365
33,14229327,6702921,0,552,0,0.5416994078469785
39,12319180,12518687,0,384,0,0.8467250372104967
39,12909350,7867264,0,771,0,0.14364475593356096
49,15115186,1039918,0,841,0,0.016094165685286693
46,9909494,7220941,0,770,0,0.14562220200355586
44,6562385,14791972,0,338,0,0.9300560821601825
40,4969268,2002661,0,789,0,0.11170499697023373
46,4966028,12017404,0,350,1,0.908857801136017
46,6917796,13033821,0,450,0,0.7274137037244607
37,18876068,2387212,0,838,0,0.021816172924171266
37,12327341,7372099,0,771,0,0.14425919999124048
43,4915373,3488344,0,566,0,0.5164075986949427
37,18221944,12195244,0,667,0,0.3331286548912752
29,6515616,13109268,0,543,0,0.5581747131775724
21,7593836,10836844,2,383,0,0.848619103636367
26,8454237,2235141,0,698,0,0.2766607110005762
34,10712129,10999887,0,670,0,0.3274855367244801
40,8806979,4104099,0,802,0,0.08765395016194615
55,10115911,2436747,0,806,0,0.07952557434168565
59,10798475,13661457,1,379,0,0.8560793326566962
24,7718526,13935727,0,369,0,0.8740138853383037
35,5592767,7866470,0,593,0,0.46782620302253086
47,11573863,12179601,0,403,0,0.81244024438497
30,12211853,10111287,0,449,0,0.7283004952218386
32,18707860,10739851,0,673,0,0.3215248979573334
37,16750531,12719308,0,710,0,0.25412291297296846
21,7469534,11217148,0,436,0,0.7527221818673411
52,16908171,2668450,0,810,0,0.07291375434576366
28,14138817,6375913,0,659,0,0.3473984932699401
47,11528036,2940036,1,574,0,0.5022048913980582
37,11941391,7564982,0,750,0,0.1810280449495126
50,7797086,13877577,0,467,0,0.6957843188722633
27,15089483,5488872,1,727,0,0.2228301038016208
56,11268933,11317979,0,398,0,0.8214590100330844
59,14820049,12303231,0,700,0,0.2734470182088616
22,11619622,8978006,2,698,0,0.27564517263588123
44,10273799,2213800,1,823,0,0.049143021665100435
39,8845210,7578954,0,515,0,0.6083880636302487
36,3854677,9400793,0,493,0,0.6487976864725766
57,12459562,12280933,0,442,0,0.7418381546566076
45,5235971,10751932,0,488,0,0.657791712122458
58,3415058,9048982,2,529,0,0.5842790139791817
54,6292948,1913277,1,645,0,0.37321395007831865
46,14976595,14113226,0,457,0,0.7136487169229012
36,9399339,3562371,0,563,0,0.521458698771413
46,10987754,9963131,1,387,0,0.8413462166673892
39,9695695,10571129,1,595,0,0.46391186319766153
49,11459155,1678473,0,832,0,0.03225063428074281
41,12341401,5532719,0,725,0,0.22815483091015842
53,8655194,1628091,1,730,1,0.21732394507784947
22,9030057,1325054,0,839,0,0.020250387751747118
59,7629320,1206787,0,750,0,0.18156787596763693
43,15741196,5793942,0,556,0,0.5340805443750009
21,3968294,5490500,1,718,0,0.2392806770346998
31,17777033,13594172,0,531,0,0.5808304802658752
40,7014429,13702185,1,320,0,0.9630324100962168
30,13958465,10938908,0,684,0,0.3016012686469753
28,12324798,13078163,0,460,0,0.7098208749423757
44,12760708,10820555,1,399,0,0.8191556807835267
57,11296858,9140108,0,792,0,0.10483662079980116
36,9356026,4851698,1,439,0,0.7479522180250334
33,11934847,5527274,0,736,0,0.20673687769503055
36,7351169,2820023,0,633,0,0.3936558229144696
56,7673917,6672758,0,773,0,0.13918011308015593
51,13984242,8223082,1,700,0,0.27295976417857504
39,19009353,8497236,0,690,0,0.2900239611911828
57,3282043,3011847,1,598,0,0.4580766126546785
34,12881082,7750416,0,489,0,0.6558880341315141
21,3232818,11576111,0,400,0,0.818194991608942
